{"train_loss": 0.10294970096013714, "epoch": 4, "trainer/global_step": 5029, "_timestamp": 1679077707.4415784, "_runtime": 1428.5067052841187, "_step": 145, "val_loss": 0.17500587469028167}